food,category,allergy,serving,weight,energy,proteins,carbs,fats,fiber,Ingredients
High-Fat  low -Carb Salad Dressing,Vegetarian,no-allergies,1 small bowl,100 gms,62 kcal,1 gms,3 gms,5 gms,2 gms,"Olive Oil - 1 tbsp; VINEGAR - 1 tbsp; Garlic, small clove - 1 tbsp; Common salt - 1 tbsp; Pepper, black - 1 tbsp"
Avocado Lime Dressing,Vegetarian,no-allergies,1 medium katori,75 gms,291 kcal,11 gms,7 gms,24 gms,9 gms,"Avocado - 1 small bowl; Greek Yogurt - 1 small bowl; Plain Water - 1 small glass; Garlic, small clove - 1 tbsp; Lemon, juice - 1 tbsp; Common salt - 1 tbsp; Pepper, black - 1 tbsp"
Ranch Dressing,Vegan,no-allergies,1 small bowl,100 gms,213 kcal,6 gms,16 gms,14 gms,4 gms,"Tomato Cashew Mayonnaise - 1 small bowl; Parsley - 1 tbsp; Garlic, small clove - 1 tbsp; Common salt - 1 tbsp; Pepper, black - 1 tbsp"
Paneer Chilla Made With Flaxseed Flour,Vegetarian,dairy allergy,1 small katori,25 gms,609 kcal,22 gms,17 gms,47 gms,24 gms,Flaxseed Roti - 1 medium; Plain Water - 1 small glass; Paneer - 1 cube; Onion Finely Chopped - 1 medium onion; Tomatoes Chopped - 1 small tomato; Capsicum Vegetable - 1 medium bowl; CUMIN SEEDS - 1 gms; Common salt - 1 tbsp; Olive Oil - 1 tbsp
"Tofu Scramble With Veggies(Tofu,Broccoli,Bell Pepper,Mushroom,Onion)",Vegan,soy allergy,1 medium bowl,150 gms,548 kcal,28 gms,23 gms,25 gms,11 gms,"Tofu - 1 small bowl; Steamed Brocoli - 1 small bowl; Stuffed Bell Peppers - 1 g; MUSHROOM - 1 tbsp; Onion, small - 1 cup; Olive Oil - 1 tbsp; Turmeric powder - 1 tbsp; Cumin seeds - 1 tbsp; Common salt - 1 tbsp; Pepper, black - 1 tbsp"
"Qunioa Salad(Qunioa,Cucumber,Tomato,Lime Juice,Salt)",Vegan,nut allergy,1 medium katori,75 gms,245 kcal,8 gms,44 gms,4 gms,6 gms,Quinoa - 1 small bowl; Cucumber - 1 small sized; chopped tomato - 1 small tomato; Fresh Fruit Juice - 1 tbsp; Common salt - 1 tbsp
"Stir Fry Veggies (Broccoli,Cauliflower,Bell Pepper,Mushroom.Onion)With Tofu",Vegan,: soy allergy,1 medium katori,75 gms,541 kcal,33 gms,37 gms,27 gms,16 gms,"Tofu - 1 small bowl; Broccoli - 1 Cup; Cauliflower Vegetable - 1 small bowl; Pepper, black - 1 tbsp; MUSHROOM - 1 cup; Onion, big - 1 small katori; Olive Oil - 1 tbsp; Garlic, small clove - 2 tbsp; Soy sauce - 1 tbsp; Common salt - 1 tbsp"
"Veggie Sticks(Carrot,Cucumber,Bell Pepper)",Vegan,no-allergies,1 medium katori,75 gms,61 kcal,2 gms,14 gms,0 gms,4 gms,"Carrot, red - 1 small katori; Cucumber - 1 small sized; saute bell pepper - 1 cup; Common salt - 1 tbsp; saute bell pepper - 1 bell pepper (medium size)"
"(Veggie Sticks Carrot,Cucumber,Bell pepper)",Vegan,no-allergies,1 small katori,25 gms,128 kcal,0 gms,6 gms,0 gms,2 gms,"Carrot, orange - 1 small katori; Cucumber - 1 small sized; Stuffed Bell Peppers - 1 g; Common salt - 1 tbsp; LEMON - 1 tbsp"
Creamy Garlic Chicken with Cheese,Non-Vegetarian,dairy allergy,2 medium bowl,300 gms,575 kcal,73 gms,4 gms,27 gms,2 gms,"boneless, skinless chicken breast - 4 piece (approx. 4 oz); Common salt - 1 tbsp; Olive Oil - 2 tbsp; Garlic, small clove - 1 tbsp; Coriander Powder - 1 1 tsp; Turmeric powder - 1 tbsp; Red chilli Power - 1 tbsp; Coriander leaves - 1 tbsp; Mozzarella Cheese - 1 tbsp; Heavy Cream - 1 tbsp"
"Guacamole with Veggie Sticks (Carrot,Cucumber, Bell pepper)",Vegan,no-allergies,1 small katori,25 gms,413 kcal,7 gms,26 gms,31 gms,7 gms,"Avacado Hummus - 1 medium bowl; TOMATO RIPE - 1 small katori; Onion, big - 1 small katori; LIME - 1 small katori; Common salt - 1 tbsp; Stuffed Bell Peppers - 1 number; CARROT - 1 small katori; CUCUMBER - 1 small katori; Stuffed Bell Peppers - 1 g"
Zucchini Noodles,Vegan,no-allergies,1 small bowl,100 gms,206 kcal,1 gms,5 gms,20 gms,1 gms,"Zucchini, yellow - 1 small katori; Olive Oil - 1 tbsp; Common salt - 1 tbsp; Stuffed Bell Peppers - 1 number"
Capsicum Salad,Vegetarian,nightshade allergy,1 large katori,100 gms,365 kcal,6 gms,30 gms,22 gms,7 gms,"Stuffed Bell Peppers - 2 number; Cucumber - 1 medium sized; Onion Finely Chopped - 1 small onion; Chillies, green-1 - 1 tbsp; Lemon, juice - 1 tbsp; Pepper, black - 1 tbsp; Common salt - 1 tbsp"
Capsicum Salad for (weight loss),Vegetarian,nightshade allergy,1 medium katori,75 gms,337 kcal,6 gms,24 gms,22 gms,7 gms,"Stuffed Bell Peppers - 2 number; Cucumber - 1 small sized; Chillies, green-1 - 1 tbsp; Lemon, juice - 1 tbsp; Pepper, black - 1 tbsp; Common salt - 1 tbsp"
Paneer Carrot Salad,Vegetarian,dairy allergy,2 medium katori,150 gms,191 kcal,10 gms,10 gms,13 gms,3 gms,Homemade Paneer - 1 small katori; CARROT - 1 medium katori; Onion Finely Chopped - 1 small onion; Tomatoes Chopped - 1 small tomato; Chopped Cucumber - 1 small (6-8 inches long); Coriander Powder - 1 1 tsp; Chili Powder - 1 tbsp; Olive Oil - 1 tbsp; Common salt - 1 tbsp; Coriander leaves - 1 tbsp
Paneer Bathua Raita,Vegetarian,dairy allergy,2 medium katori,150 gms,158 kcal,10 gms,4 gms,11 gms,1 gms,Homemade Paneer - 2 small katori; Bathua leaves - 1 tbsp; Plain Yogurt - 4 tbsp; Coriander leaves - 1 tbsp; Chili Powder - 1 tbsp; Common salt - 1 tbsp
Tikki suitable,Vegetarian,soy allergy,2 number,100 gms,151 kcal,5 gms,4 gms,13 gms,1 gms,"Homemade Paneer - 1 small katori; Onion Finely Chopped - 1 small onion; Capsicum, green - 1 tbsp; Coriander leaves - 1 tbsp; Ginger Paste - 0.5 tbsp; Garlic paste - 0.5 tbsp; Coriander Powder - 1 1 tsp; Turmeric powder - 0.25 tbsp; Red chilli Power - 0.5 tbsp; Common salt - 1 tbsp; Olive Oil - 1 tbsp"
Masoor Dal Khichdi (Brown Rice),Vegetarian,no-allergies,2 medium bowl,150 gms,165 kcal,3 gms,15 gms,10 gms,4 gms,Brown Rice - 1 small bowl; Masoor Dal - 2 tbsp; Onion Finely Chopped - 1 small onion; chopped tomato - 1 small tomato; Chopped Green Chilli - 1 tbsp; Cumin seeds - 1 tbsp; Ginger Paste - 1 tbsp; Garlic paste - 1 tbsp; Turmeric powder - 0.25 tbsp; Coriander Powder - 1 1 tsp; Common salt - 1 tbsp; Olive Oil - 1 tbsp; Plain Water - 2 large glass; Coriander leaves - 1 tbsp
Rajma Tomato Kadhi,Vegetarian,no-allergies,2 medium bowl,300 gms,216 kcal,13 gms,33 gms,3 gms,11 gms,"Rajmah, brown - 1 medium katori; Tomatoes Chopped - 1 medium tomato; Onion Finely Chopped - 1 small onion; Plain Yogurt - 5 tbsp; Besan - 1 tbsp; Cumin seeds - 1 tbsp; Mustard seeds - 1 tbsp; Fenugreek seeds - 1 tbsp; Turmeric powder - 1 tbsp; Red chilli Power - 1 tbsp; Common salt - 1 tbsp; Plain Water - 1 large glass"
Grilled Tofu With Less Oil,Vegan,soy allergy,1 small bowl,100 gms,168 kcal,12 gms,22 gms,4 gms,3 gms,"Common salt - 1 tbsp; Pepper, black - 1 tbsp; Garlic Powder - 1.5 tbsp; Tofu - 0.5 Large block; Soy sauce - 2 tbsp; Apple Cider Vinegar - 1 tbsp; HONEY - 1 tbsp; Grated Ginger - 1 tbsp"
Quinoa Porridge,Vegan,no-allergies,1 small katori,25 gms,527 kcal,15 gms,49 gms,32 gms,11 gms,Quinoa - 1 small bowl; Almond Milk - 1 small glass; Plain Water - 1 small glass; CINNAMOM - 1 tbsp; Nutmeg - 1 tbsp; Common salt - 1 tbsp; HONEY - 1 tbsp; Almonds - 2 tbsp; Walnut - 1 Pieces; Apple - 1 small; Blueberries - 1 number; Banana - 1 small
Zucchini paneer Stuffed Paratha,Vegetarian,dairy allergy,1 medium,0 gms,1394 kcal,57 gms,187 gms,43 gms,39 gms,"Wheat flour, atta - 1 cup; Common salt - 1 tbsp; Plain Water - 1 small glass; Zucchini, green - 1 large katori; Paneer - 1 medium katori; Cumin seeds - 1 tbsp; Coriander Powder - 1 1 tbsp; Red chilli Power - 1 tbsp; Garam Masala - 1 tbsp; Common salt - 1 tbsp; Olive Oil - 1 tbsp"
Jau Roti (20% Jau atta &amp; 80% Wheat atta),Vegetarian,gluten allergy,4 medium,100 gms,249 kcal,8 gms,51 gms,1 gms,10 gms,"Wheat flour, atta - 1 cup; Plain Water - 1 medium glass; Barley Flour - 1 1/2 cup"
Tea with unsweetened soya milk (Hight fat low carb),Vegetarian,dairy allergy,2 cup,240 gms,70 kcal,5 gms,3 gms,3 gms,0 gms,Soya Milk - 1 medium cup; Tea Bag - 1 tea bag; BUTTER - 1 tbsp; CINNAMOM - 0.5 tbsp
Peas Paneer Paratha,Vegetarian,dairy allergy,1 medium,50 gms,-- kcal,-- gms,-- gms,-- gms,-- gms,"Wheat flour, atta - 1 cup; Common salt - 1 tbsp; Plain Water - 1 small glass; Peas, fresh - 1 cup; Paneer - 1 small katori; Cumin seeds - 1 tbsp; Coriander Powder - 1 1 tsp; Red chilli Power - 1 tbsp; Garam Masala - 1 tbsp; Olive Oil - 1 tbsp"
Tea with unsweetened cream of almond milk (Hight fat low carb),Vegetarian,dairy allergy,2 cup,300 gms,37 kcal,1 gms,1 gms,2 gms,0 gms,Almond Milk - 2 small glass; Tea Bag - 1 tbsp; BUTTER - 1 tbsp; Almond Milk - 1 tbsp; CINNAMOM - 1 gms
Toasted Paneer Salad,Vegetarian,dairy allergy,1 small bowl,100 gms,795 kcal,49 gms,65 gms,35 gms,15 gms,"Paneer - 1 medium bowl; Vegetable - 1 medium bowl; PEPPER, dry - 1 tbsp; Onion Finely Chopped - 1 small onion; chopped tomato - 1 small tomato; Cucumber - 1 small sized; Cumin seeds - 1 tbsp; Coriander Powder - 1 1 tsp; Chat Masala - 1 tbsp; Red chilli Power - 1 tbsp; Common salt - 1 tbsp; Olive Oil - 1 tbsp; Coriander leaves - 1 small katori"
(Creamy Garlic Chicken With Cheese),Non-Vegetarian,dairy allergy,1 medium bowl,150 gms,1934 kcal,152 gms,24 gms,118 gms,8 gms,"Baked Chicken Breast - 4 number; Common salt - 1 tbsp; PEPPER, dry - 1 tbsp; Olive Oil - 1 tbsp; Garlic, small clove - 1 tbsp; Sour Cream - 1 Cup; CHEESE - 1 cup; Cumin seeds - 1 tbsp; Coriander Powder - 1 1 tsp; Turmeric powder - 1 tbsp; Red chilli Power - 1 tbsp; Coriander leaves - 1 small katori"
Peanut &amp; Coconut Chutney that is unsweetened,Vegan,peanut allergy,3 tbsp,45 gms,82 kcal,3 gms,3 gms,7 gms,1 gms,"Raw Peanut - 2 tbsp; Chopped Green Chilli - 1 tbsp; Ginger Paste - 1 tbsp; Garlic, big clove - 1 tbsp; Plain Water - 0.5 small glass; Coconut Oil - 1 tsb; Mustard seeds - 1 tbsp; Red chilli Power - 1 tbsp"
Spiced Celery Letuce Soup,Vegetarian,no-allergies,1 medium katori,75 gms,112 kcal,3 gms,13 gms,5 gms,4 gms,"Olive Oil - 1 tbsp; Garlic, small clove - 1 tbsp; Celery stalk - 1 small katori; Onion Finely Chopped - 1 small onion; LETTUCE - 1 small katori; Vegetable Broth - 1 Small Bowl; Coriander Powder - 1 1 tsp; Common salt - 1 tbsp"
"peanut butter that is unsweetened, high in (healthy fats, and low in carbs)",Vegan,peanut allergy,10 tbsp,150 gms,70 kcal,3 gms,2 gms,6 gms,1 gms,Raw Peanut - 2 medium bowl; Common salt - 1 tbsp; Peanut Oil - 1 tbsp
Tea with Unsweetened Cream of Coconut Milk,Vegetarian,dairy allergy,2 cup,480 gms,50 kcal,1 gms,1 gms,3 gms,1 gms,Coconut Milk - 2 small glass; Tea Bag - 1 tbsp; BUTTER - 1 tbsp; Light Cream - 1 tsb; CINNAMOM - 1 gms
Coconut Milk (cream of coconut milk,Vegan,nut allergy,2 cup,480 gms,330 kcal,4 gms,4 gms,33 gms,8 gms,Plain Water - 2 large glass; Unsweetened shredded coconut - 1 large bowl
Coconut Milk,Vegan,nut allergy,2 cup,300 gms,165 kcal,2 gms,2 gms,16 gms,4 gms,Unsweetened shredded coconut - 1 Medium bowl; Plain Water - 2 large glass
Pahadi Cucumber Raita,Vegetarian,dairy allergy,1 small katori,25 gms,72 kcal,4 gms,11 gms,1 gms,6 gms,Plain Yogurt - 1 gm; CUCUMBER - 1 small katori; Onion Finely Chopped - 1 small onion; Chopped Green Chilli - 1 tbsp; Cumin seeds - 1 tbsp; Coriander Powder - 1 1 tsp; Common salt - 1 tbsp; Coriander leaves - 1 small katori
Veggie Hummus Sandwich,Vegetarian,soy allergy,1 medium,0 gms,297 kcal,9 gms,41 gms,11 gms,8 gms,"WHEAT, bread, (brown) - 1 small katori; Hummus - 1 tbsp; Avocado - 1 small bowl; Cucumber - 1 small sized; chopped tomato - 1 small tomato; Onion Finely Chopped - 1 small onion; Common salt - 1 tbsp"
Oats Egg Omelette,Gluten-Free,egg allergy,1 medium,0 gms,187 kcal,14 gms,18 gms,6 gms,3 gms,"Oats - 1 small bowl; Boiled Egg Whites - 2 number; Onion Finely Chopped - 1 small onion; 1Tomatoes Chopped - 1 small tomato; Capsicum, green - 1 small katori; Common salt - 1 tbsp; PEPPER, dry - 1 tbsp; Olive Oil - 1 tbsp"
Quinoa Broccoli Khichadi,Vegetarian,no-allergies,1 medium,0 gms,861 kcal,28 gms,119 gms,26 gms,37 gms,Quinoa - 1 medium katori; Plain Water - 1 small glass; Broccoli - 1 Cup; CARROT - 1 small katori; Onion Finely Chopped - 1 small onion; Cloves - 1 tbsp; Cumin seeds - 1 tbsp; Coriander Powder - 1 1 tsp; Turmeric powder - 1 tbsp; Red chilli Power - 1 tbsp; Common salt - 1 tbsp; Olive Oil - 1 tbsp; Coriander leaves - 1 small katori
"Iceberg Lettuce Tofu Wrap with Guacamole (High Fat, Low Carb)",Vegetarian,soy alle,2 number,300 gms,83 kcal,7 gms,11 gms,3 gms,3 gms,"Onion Finely Chopped - 1 small onion; chopped tomato - 1 small tomato; Firm Tofu - 1 small block; Iceberg Lettuce - 1 small head; Sugarcane, juice - 1 tbsp; Common salt - 1 tbsp"
Apple Ragi Porridge(Without Sugar),Vegetarian,nut allergy,1 medium katori,75 gms,315 kcal,5 gms,67 gms,2 gms,6 gms,Ragi flour - 1 small cup; Apple - 1 small; Plain Water - 1 small glass; CINNAMOM - 1 tbsp; Common salt - 1 tbsp
Tofu Oats Tikki,Vegetarian,soy allergy,4 medium,0 gms,160 kcal,8 gms,21 gms,6 gms,4 gms,"Firm Tofu - 1 medium block; CARROT - 1 cup; Onion Finely Chopped - 1 small onion; CHILLIES, green - 1 tbsp; Coriander leaves - 1 tbsp; Turmeric powder - 1 tbsp; Common salt - 1 tbsp; Olive Oil - 1 tbsp; Rolled Oats - 2 Medium Bowl; Coriander Powder - 0.5 tbsp; Zucchini (Grated) - 1 small; Red chilli Powder - 0.5 tbsp"
Sprouts Tikki,Vegetarian,soy allergy,1 medium,0 gms,189 kcal,5 gms,28 gms,6 gms,10 gms,"Onion Finely Chopped - 1 small onion; Capsicum, red - 1 small katori; Ginger Paste - 1 tbsp; Garlic paste - 1 tbsp; Cumin seeds - 1 tbsp; Coriander Powder - 1 tbsp; Turmeric powder - 1 tbsp; Red chilli Power - 1 tbsp; Common salt - 0.5 tbsp; Olive Oil - 1 tbsp; Moong Sprouts - 1 small bowl; Boiled Aloo - 1 small; Fresh Coriander Leaves (chopped) - 1 tbsp"
Coconut Avocado and Chia Seed Salad With Olive Oil Dressing,Keto,nut allergy,1 medium katori,75 gms,1193 kcal,18 gms,31 gms,110 gms,33 gms,"Mixed Greens - 4 cup; Avocado - 1 small bowl; Unsweetened shredded coconut - 1 small bowl; Chia Seeds - 2 tbsp; Common salt - 1 tbsp; PEPPER, dry - 1 tbsp; Extra-Virgin Olive Oil - 1 1 tsp; VINEGAR - 1 tbsp; Mustard seeds - 1 tbsp; Cloves - 1 tbsp"
"Full Fat yogurt With Chia Seeds,Nuts and Berries",Vegetarian,dairy allergy,1 medium katori,75 gms,365 kcal,13 gms,14 gms,27 gms,3 gms,Plain Yogurt - 1 tbsp; Chia Seeds Water - 1 tbsp; Almond - 1 tbsp; Walnut - 1 Pieces; Blackberries - 1 tbsp; Strawberry - 1 small
Bulletproof Coffee,Keto,dairy allergy,1 cup,240 gms,244 kcal,0 gms,1 gms,15 gms,0 gms,Plain Water - 1 small glass; Coffee - 1 tbsp; BUTTER - 1 tbsp; Coconut oil - 1 tbsp; CINNAMOM - 1 tbsp; CARDAMOM - 1 gms
Keto Roti,Vegetarian,nut allergy,1 medium,0 gms,748 kcal,12 gms,27 gms,68 gms,14 gms,Almond Flour Roti - 1 medium; COCONUT tender - 1 tbsp; Common salt - 1 tbsp; Garlic Powder - 1 tbsp; Cumin seeds - 1 tbsp; Coriander Powder - 1 1 tbsp; Olive Oil - 1 tbsp; Plain Water - 1 small glass
Grilled Tofu With Olive Oil Dressing,Vegetarian,soy allergy,1 medium,0 gms,609 kcal,31 gms,11 gms,47 gms,6 gms,"Tofu - 1 medium bowl; Olive Oil - 2 tbsp; VINEGAR - 1 tbsp; Mustard seeds - 1 tbsp; Cloves - 1 tbsp; Common salt - 1 tbsp; PEPPER, dry - 1 gms"
Full Fat Chia Seeds Pudding,Vegetarian,dairy allergy,1 small bowl,100 gms,379 kcal,14 gms,29 gms,21 gms,13 gms,Plain Yogurt - 1 tbsp; Chia Seeds - 1 tbsp; Light Cream - 1 tbsp; Apple Smoothie with skimmed milk and no sugar or vanilla - 1 tbsp; Blackberries - 1 small bowl
Mixed Nuts Keto Friendly Smoothie,Vegetarian,nut allergy,1 glass,300 gms,689 kcal,24 gms,19 gms,41 gms,5 gms,ALMOND - 1 small katori; Cashew - 1 cashew; Walnut - 1 Pieces; Almond Milk - 1 small glass; Greek Yogurt - 1 small bowl; Strawberry Smoothie with skimmed milk and no sugar or vanilla - 1 tbsp; Cinnamon Clove Water - 1 tbsp
Green Chutney With Nuts,Vegetarian,nut allergy,1 medium bowl,150 gms,421 kcal,15 gms,14 gms,33 gms,12 gms,"Coriander leaves - 1 cup; Mint leaves - 1 tbsp; Chopped Green Chilli - 1 tbsp; Ginger, fresh - 1 tbsp; Lemon, juice - 1 tbsp; Almond - 1 medium katori; Cashew - 1 tbsp; Cumin seeds - 1 tbsp; Common salt - 1 tbsp"
keto Avocado Egg Salad,Keto,egg allergy,1 medium bowl,150 gms,872 kcal,40 gms,22 gms,68 gms,21 gms,"Avocado - 2 medium bowl; Boiled Egg - 4 number; Tomato Cashew Mayonnaise - 1 small bowl; Onion, small - 1 small katori; Fruit juice 100 G - 1 tbsp; Common salt - 1 tbsp; PEPPER, dry - 1 tbsp"
Side Salad with Olive Oil and Vinegar Dressing,Vegetarian,no-allergies,2 medium bowl,300 gms,147 kcal,4 gms,16 gms,8 gms,7 gms,"Mixed Greens - 1 cup; Chopped Cucumber - 1 small (6-8 inches long); CARROT - 2 tbsp; Onion Finely Chopped - 1 small onion; Pepper, black - 1 small katori; chopped tomato - 1 small tomato; Extra-Virgin Olive Oil - 1 1 tbsp; VINEGAR - 1 tbsp; Common salt - 1 tbsp; PEPPER, dry - 0.5 tbsp"
Steamed Broccoli and Asparagu,Vegetarian,no-allergies,2 medium bowl,250 gms,45 kcal,4 gms,9 gms,1 gms,4 gms,Broccoli - 1 small stalk; Bunch Asparagus - 1 bunch; Common salt - 1 tbsp; lemon juice - 1 tsb
Olive Oil Mayonnaise,Vegetarian,dairy allergy,2 medium bowl,250 gms,146 kcal,1 gms,2 gms,19 gms,0 gms,Extra-Virgin Olive Oil - 2 1 tbsp; Unsweetened Almond Milk - 1 small cup; lemon juice - 1 tbsp; Dijon mustard - 1 tsb; Common salt - 1 tbsp; clove garlic - 1 tbsp
Garlic Mayonnais,Dairy Allergy,dairy allergy,2 medium katori,150 gms,211 kcal,1 gms,2 gms,26 gms,0 gms,Olive Oil - 3 tbsp; Unsweetened Almond Milk - 1 small cup; lemon juice - 1 tbsp; Dijon mustard - 1 tsb; Common salt - 1 tbsp; clove garlic - 1 clove
Quinoa Porridge in Almond Milk,Vegan,nut allergy,2 cup,480 gms,155 kcal,5 gms,16 gms,11 gms,5 gms,Quinoa - 1 small bowl; Unsweetened Almond Milk - 1 medium cup; CINNAMOM - 1 tbsp; Chia Seeds - 1 tbsp; Unsweetened shredded coconut - 1 tsb; ALMOND - 1 tbsp; Walnut - 1 Pieces; Blueberries - 1 number
Tofu Scramble with Spinach and Mushrooms (cooked in coconut oil),Vegetarian,soy allergy,2 medium bowl,300 gms,150 kcal,8 gms,8 gms,12 gms,3 gms,Tofu - 1 medium bowl; Spinach - 1 medium katori; MUSHROOM - 1 small katori; Onion Finely Chopped - 1 small onion; clove garlic - 1 tbsp; Coconut Oil - 1 tbsp; Turmeric powder - 1 tbsp; Common salt - 1 tbsp
Quinoa Upma (In Coconut Oil),Vegetarian,nut allergy,4 cup,960 gms,234 kcal,9 gms,37 gms,5 gms,11 gms,Quinoa - 1 cup; Plain Water - 1 small glass; CARROT - 1 cup; PEAS green - 1 cup; saute bell pepper - 1 bell pepper (medium size); Mustard leaves - 1 tbsp; Curry leaves - 1 tbsp; Turmeric powder - 1 tbsp; Common salt - 1 tbsp; Coconut Oil - 1 tsb
Unsweetened Almond Milk,Vegetarian,nut allergy,2 glass,600 gms,35 kcal,1 gms,1 gms,4 gms,1 gms,Almond Milk - 1 small glass
Quinoa Salad with Mixed Vegetables,Vegetarian,no-allergies,2 medium bowl,100 gms,238 kcal,4 gms,21 gms,16 gms,3 gms,Quinoa - 1 medium bowl; Plain Water - 1 medium glass; Chopped Cucumber - 1 medium cup; chopped tomato - 1 small cup; Onion Finely Chopped - 90 g; Mint leaves - 1 tbsp; Olive Oil - 2 tbsp; lemon juice - 2 tbsp; Common salt - 1 tbsp
"Mixed Sprouts Salad(Mung Beans, Chickpeas,Lentils)",Vegetarian,no-allergies,2 cup,480 gms,117 kcal,7 gms,21 gms,1 gms,7 gms,CUCUMBER - 0.5 large katori; Onion Finely Chopped - 1 small onion; LEMON - 2 tbsp; Coriander leaves - 1 tbsp; Common salt - 1 tbsp; Soaked White Chickpeas - 0.5 small bowl; Moong Sprouts - 1 small bowl; Lentil Sprouts - 0.5 small cup; Green Bell pepper - 0.5 Medium; Cherry Tomatoes - 0.5 small cup; Cumin Powder - 1 tbsp
Cauliflower Egg Yolk Rice,Keto,dairy allergy,2 medium,100 gms,201 kcal,8 gms,8 gms,15 gms,6 gms,Cauliflower - 1 medium; Onion Finely Chopped - 1 small onion; chopped tomato - 1 small tomato; Olive Oil - 1 tbsp; Common salt - 1 tbsp; Bell peppers - 2 tbsp; 4 egg yolks - 1 small egg
Keto Sesame Chicken with Vegetables,Keto,dairy allergy,1 medium bowl,150 gms,341 kcal,32 gms,6 gms,20 gms,2 gms,"boneless, skinless chicken breast - 1 piece (approx. 4 oz); Sesame Seeds - 1 tbsp; Coriander Powder - 1 1 tsp; Garam Masala - 1 tbsp; Chili Powder - 1 tbsp; Onion Finely Chopped - 1 small onion; Bell peppers - 1 tbsp; Zucchini, green - 1 tbsp; Olive Oil - 1 tbsp"
Keto Full Fat Sour Cream,Keto,dairy allergy,1 cup,60 gms,63 kcal,1 gms,1 gms,6 gms,0 gms,Full-fat Sour Cream - 1 small cup; Parsley - 1 tbsp; Chives - 1 tbsp; Common salt - 0.5 tbsp
Brown Rice Plain Dosa,Vegetarian,no-allergies,8 number,75 gms,47 kcal,2 gms,6 gms,2 gms,1 gms,Brown Rice - 1 small bowl; Urad Dal Flour - 1 small bowl; Fenugreek seeds - 1 gms; Common salt - 1 tbsp; Plain Water - 1 small glass; Olive Oil - 1 tbsp
Keto Fish in Coconut Milk,teto,fish,1 medium bowl,150 gms,330 kcal,21 gms,8 gms,25 gms,4 gms,Basa Fish Fillet - 1 1 fillet; Coconut Milk - 1 small glass; Coconut Oil - 1 tbsp; Onion Finely Chopped - 0.5 small onion; chopped tomato - 1 small tomato; Coriander Powder - 1 1 tsp; Turmeric powder - 1 tbsp; Chili Powder - 1 tbsp; Common salt - 1 tbsp; Coriander leaves - 1 tbsp
Eggless Almond Flour Keto Dosa,Keto,nut allergy,2 number,100 gms,268 kcal,7 gms,8 gms,24 gms,4 gms,Almond flour - 1 cup; Coconut Milk - 1 small glass; Plain Water - 50 ml; Common salt - 1 tbsp; Turmeric powder - 0.5 tbsp; Coriander Powder - 0.5 1 tsp; Red chilli Power - 0.5 tbsp; Olive Oil - 1 tbsp
Air Fryer Roasted Mushrooms,Keto,mushroom allergy,2 medium katori,150 gms,153 kcal,4 gms,7 gms,11 gms,2 gms,MUSHROOM - 1 cup; Olive Oil - 1.5 tbsp; Garlic Powder - 1 tbsp; Dried thyme - 1 tbsp; Dried Rosemary - 1 tbsp; Common salt - 1 tbsp
soya flour roti with 50 % wheat flour and 50% soya atta,Vegetarian,gluten allergy,4 number,140 gms,145 kcal,9 gms,18 gms,4 gms,4 gms,"Wheat flour, atta - 1 medium katori; Soya flour - 1 Cup; Plain Water - 150 ml; Common salt - 1 tbsp"
Brown rice poha,Vegetarian,nut allergy,2 medium bowl,150 gms,167 kcal,3 gms,34 gms,1 gms,2 gms,Onion Finely Chopped - 1 medium onion; Chopped Green Chilli - 1 tbsp; Mustard seeds - 1 tbsp; Cumin seeds - 0.5 tbsp; Turmeric powder - 1 tbsp; Common salt - 1 tbsp; lemon juice - 1 tbsp; Coriander leaves - 0.25 tbsp; Brown Rice Poha - 1 medium
Cauliflower fried rice,Vegetarian,nut allergy,2 medium katori,150 gms,246 kcal,9 gms,13 gms,20 gms,8 gms,"Cauliflower - 2 medium; Coconut Oil - 1 tbsp; clove garlic - 1 clove; Onion Finely Chopped - 1 medium onion; Carrot, red - 1 small katori; Peas, fresh - 1 small katori; 4 egg yolks - 1 small egg; SOYA SAUCE - 1 tbsp; Common salt - 1 tbsp"
Sambar without Tamarind,Vegetarian,no-allergies,4 medium bowl,300 gms,161 kcal,4 gms,13 gms,10 gms,5 gms,Toor Dal - 1 cup; Plain Water - 2 large glass; Onion Finely Chopped - 1 medium onion; Tomatoes Chopped - 2 medium tomato; CARROT - 1 small katori; POTATO - 1 small katori; Drumstick - 1 medium; Broad beans - 1 small katori; Turmeric powder - 0.5 tbsp; Red chilli Power - 1 tbsp; Coriander Powder - 1 1 tsp; Common salt - 1 tbsp; Olive Oil - 2 tbsp; Mustard seeds - 1 tbsp; Cumin seeds - 0.5 tbsp; Fenugreek seeds - 1 tbsp; Asafoetida - 1 tbsp; Curry leaves - 1 tbsp; Coriander leaves - 1 tbsp
Oats bran roti (20% Oats bran &amp; 80% Wheat atta),Vegetarian,gluten allergy,8 medium,100 gms,56 kcal,2 gms,11 gms,1 gms,2 gms,"Wheat flour, atta - 1 small bowl; Oats Flour - 1 tbsp; Common salt - 1 tbsp; Carom(Ajwain) Seeds - 1 tbsp; Turmeric powder - 1 tbsp; Plain Water - 1 small glass"
Vegan Keto Smoothie,Vegan,nut allergy,1 glass,300 gms,237 kcal,5 gms,12 gms,20 gms,9 gms,Tea with unsweetened cream of almond milk (Hight fat Low carb) - 1 Medium cup; Baby Spinach Salad - 1 small bowl; Avocado - 1 small; Chia Seeds - 1 tbsp
Grilled Tempeh,Vegetarian,soy allergy,4 cup,960 gms,204 kcal,13 gms,10 gms,14 gms,0 gms,Block of tempeh - 1 cup; Soy sauce - 2 tbsp; Olive Oil - 2 tbsp; Maple Syrup - 1 tbsp; Paprika powder - 1 tbsp; Garlic Powder - 1 tbsp; Common salt - 1 tbsp; Bell peppers - 1 tsb
Veggie Stir-Fry (In Sesame Oil),Keto,soy allergy,1 medium bowl,150 gms,419 kcal,26 gms,31 gms,31 gms,10 gms,"Firm Tofu - 1 small block; Broccoli - 2 Cup; Bell peppers - 1 small Bell; MUSHROOM - 1 cup; Zucchini, green - 1 small katori; Soy sauce - 1 tbsp; clove garlic - 2 tsb; Ginger, fresh - 1 tbsp; Sesame Oil - 1 tbsp"
Keto Sprouts Salad,Vegetarian,no-allergies,2 cup,480 gms,261 kcal,12 gms,35 gms,10 gms,8 gms,Moong beans - 1 Cup; Chickpea Tacos - 1 number; LENTIL - 1 small katori; Cucumber - 1 small sized; 1Tomatoes Chopped - 1 small tomato; Avocado - 1 small; LEMON - 1 tbsp; Coriander leaves - 1 small katori; Common salt - 1 tbsp; Bell peppers - 1 tsb; Olive Oil - 1 tbsp
Cauliflower Rice for Keto Rice,Vegetarian,nut allergy,1 small katori,25 gms,396 kcal,12 gms,13 gms,40 gms,19 gms,Cauliflower - 1 cup; Olive Oil - 2 tbsp; clove garlic - 1 gm; Common salt - 1 tbsp; Bell peppers - 1 tsb
Qunioa Flour Stuffed Roti,Vegetarian,dairy allergy,1 medium bowl,150 gms,1013 kcal,41 gms,39 gms,77 gms,18 gms,Almond flour - 1 cup; Plain Water - 1 small glass; Paneer - 1 small bowl; SPINACH - 1 cup; Cumin seeds - 1 tbsp; Coriander Powder - 1 1 tsp; Turmeric powder - 1 tbsp; Common salt - 1 tbsp; Olive Oil - 1 tbsp
Mix Veg Made With Coconut Oil and Coconut Milk,Vegan,nut allergy,4 cup,960 gms,70 kcal,2 gms,6 gms,5 gms,3 gms,"CARROT - 1 small katori; Cauliflower - 1 small katori; Broad beans - 1 small katori; PEAS green - 1 small katori; Onion Finely Chopped - 1 small onion; clove garlic - 1 clove; Ginger, fresh - 1 tbsp; Chopped Green Chilli - 1 tbsp; Cumin seeds - 1 tbsp; Coriander Powder - 1 1 tsp; Turmeric powder - 1 tbsp; Garam Masala - 1 tbsp; Coconut Oil - 1 tbsp; Coconut Milk - 1 small glass; Coriander leaves - 1 small katori"
Almond Soup for Keto Diet,Vegetarian,nut allergy,4 glass,1200 gms,254 kcal,8 gms,5 gms,23 gms,6 gms,"Almond (Soaked and Peeled) - 1 pieces; Onion Finely Chopped - 1 small onion; clove garlic - 1 tsb; Ginger, fresh - 1 tbsp; Chillies, green-1 - 1 gms; Chopped Green Chilli - 1 tbsp; Vegetable Broth - 1 medium bow; Coconut Milk - 1 small glass; Ground Cumin - 1 tbsp; Coriander Powder - 1 1 tsp; Turmeric powder - 1 tbsp; Common salt - 1 tbsp"
Soya Salad With Cheese Cubes and Avocado,Keto,dairy allergy,2 medium bowl,300 gms,365 kcal,32 gms,23 gms,18 gms,9 gms,"Soya Chunks Tacos - 90 gm; Cherry Tomatoes - 1 1 cherry tomato; Chopped Cucumber - 0.5 small; Bell peppers - 0.5 small cup; CHEESE - 1 small katori; ONION, big - 1 cup; Avocado - 1 small; Olive Oil - 1 tbsp; LEMON - 1 tbsp; Common salt - 1 tbsp"
Low-Carb Version of Khao Soi,This low-carb version of Khao Soi uses shirataki noodles instead of egg noodles,soy allergy,1 small bowl,100 gms,571 kcal,25 gms,31 gms,42 gms,12 gms,Zucchini Noodles - 1 small bowl; Tofu - 1 small bowl; MUSHROOM - 1 cup; Broccoli - 1 Cup; Onion Finely Chopped - 1 small onion; clove garlic - 1 tsb; Red chilli Power - 1 tbsp; Turmeric powder - 1 tbsp; Coconut Oil - 1 tbsp; Coconut Milk - 1 small glass; Vegetable Broth - 1 tbsp
Fish Curry (NO Oil),Non-Vegetarian,fish allergy,2 medium bowl,300 gms,236 kcal,43 gms,9 gms,3 gms,3 gms,Silk fish - 400 gms; Onion Finely Chopped - 1 medium onion; chopped tomato - 1 medium tomato; Chopped Green Chilli - 1 tbsp; Ginger Paste - 1 tbsp; Garlic paste - 1 tbsp; Coriander Powder - 1 1 tsp; Turmeric powder - 1 tbsp; Red chilli Power - 1 tbsp; Common salt - 1 tbsp; Coriander leaves - 1 tbsp
Quinoa Flour Stuffed Roti,Vegetarian,dairy allergy,4 medium,60 gms,126 kcal,4 gms,13 gms,7 gms,2 gms,Quinoa Flour - 1 medium bowl; Plain Water - 45 ml; Paneer Homemade - 1 Medium cube; Spinach - 2 tbsp; Coriander Powder - 1 1 tsp; Turmeric powder - 1 tbsp; Common salt - 1 tbsp; Olive Oil - 1 tbsp
Almond Flour Roti with 50%Soya Atta and 50%Almond Flour,Vegetarian,nut allergy,1 medium,0 gms,558 kcal,24 gms,30 gms,38 gms,15 gms,Almond flour - 1 cup; Soya Atta Roti - 1 small; Warm Water - 1 small glass; Common salt - 1 tbsp
"Tofu Scramble with Veggies(Tofu,Broccoli,,Bell Pepper,Mushroom,Onion )for Keto diet with high fat an",Keto,soy allergy,1 cup,240 gms,990 kcal,49 gms,50 gms,73 gms,12 gms,Tofu - 1 medium bowl; Broccoli - 1 Cup; Bell peppers - 1 Medium bell; Classic Stuffed Mushrooms - 1 number; Onion Finely Chopped - 1 small onion; clove garlic - 1 tbsp; Coconut Oil - 1 tbsp; TURMERIC - 1 tbsp; Bell peppers - 1 tsb; Common salt - 1 tbsp
Avocado Snack For Keto Diet,Keto,no-allergies,1 medium bowl,150 gms,461 kcal,4 gms,18 gms,44 gms,14 gms,"Avocado - 1 medium; Olive Oil - 1 tbsp; Lemon, juice - 1 tbsp; Common salt - 1 small katori; Red chilli Power - 1 tbsp"
Mixed Vegetable Salad with Coconut and Lime Juice,Tags: Vegetarian,no-allergies,2 medium katori,150 gms,32 kcal,1 gms,4 gms,2 gms,1 gms,Mixed Greens - 1 bowl; CARROT - 1 tbsp; CABBAGE - 1 tbsp; chopped tomato - 1 small tomato; Coriander leaves - 1 tbsp; lemon juice - 1 tbsp; Turmeric powder - 1 tbsp; Ginger Paste - 1 tbsp; Common salt - 1 tbsp; Coconut Milk - 1 small glass
Creamy Mushroom Soup(High Fat and Low Far) For Keto Diet,Keto,dairy allergy,1 glass,300 gms,555 kcal,21 gms,46 gms,32 gms,8 gms,MUSHROOM - 1 medium katori; Onion Finely Chopped - 1 small onion; clove garlic - 1 clove; BUTTER - 1 tbsp; Heavy Cream - 1 cup; Vegetable Broth - 1 Small Bowl; Dried thyme - 1 tbsp; Common salt - 1 tbsp
Sprouted Moong Salad with Lemon-Turmeric Dressing,Vegetarian,no-allergies,2 medium bowl,300 gms,51 kcal,3 gms,37 gms,1 gms,3 gms,sprouted moong beans - 2 samll bowl; Chopped Cucumber - 0.5 small (6-8 inches long); Bell peppers - 1 small Bell; chopped tomato - 1 small tomato; CORIANDER - 1 tbsp; lemon juice - 2 tbsp; TURMERIC - 1 tbsp; Ginger Paste - 1 tbsp; Common salt - 1 tbsp
Mexican Salad with Cumin-Lime Dressing,Vegetarian,no-allergies,4 medium bowl,150 gms,81 kcal,4 gms,16 gms,1 gms,5 gms,black beans - 1 medium bowl; Corn Kernels - 1 1 medium bowl; Bell peppers - 1 small Bell; Onion Finely Chopped - 1 medium onion; Chopped Green Chilli - 1 tbsp; Coriander leaves - 1 tbsp; lemon juice - 2 tbsp; Ground Cumin - 1 tbsp; Chili Powder - 1 tbsp; Common salt - 1 tbsp
Low Fat Rice Flour Cheela,Vegetarian,no-allergies,4 medium,150 gms,61 kcal,1 gms,13 gms,0 gms,2 gms,Rice Flour - 1 large bowl; Plain Water - 1 small glass; Cumin seeds - 1 tbsp; Onion Finely Chopped - 1 medium onion; chopped tomato - 1 medium tomato; Coriander leaves - 1 tbsp; Chopped Green Chilli - 1 tbsp; Turmeric powder - 0.5 tbsp; Red chilli Power - 1 tbsp; Channa Chaat - 1 tbsp; Olive Oil - 1 tbsp
Parippu Curry (Low Fat),Vegan,nut allergy,4 medium bowl,200 gms,49 kcal,2 gms,6 gms,2 gms,2 gms,Toor Dal - 1 cup; Onion Finely Chopped - 1 medium onion; chopped tomato - 1 medium tomato; Cumin seeds - 1 tbsp; Mustard seeds - 0.5 tbsp; Chopped Green Chilli - 1 tbsp; Common salt - 1 tbsp; Coconut Milk - 1 small glass; Curry leaves - 1 tbsp
Spinach and Tofu salad,Vegetarian,soy allergy,2 medium bowl,300 gms,178 kcal,9 gms,14 gms,11 gms,4 gms,Tofu - 1 medium bowl; Spinach - 1 cup; CARROT - 1 medium katori; Onion Finely Chopped - 1 medium onion; chopped tomato - 1 medium tomato; Cucumber - 1 small sized; Olive Oil - 1 tbsp; lemon juice - 1 tbsp; Common salt - 1 tbsp
"Quinoa Salad (Quinoa, Cucumber, Tomato, Lime Juice, Salt)",Vegan,no-allergies,1 medium bowl,200 gms,140 kcal,4 gms,26 gms,2 gms,4 gms,Quinoa - 1 medium bowl; Cucumber - 1 small sized; chopped tomato - 1 medium tomato; lemon juice - 1 tbsp; Common salt - 0.5 tbsp
Bhuna Chana Chaat,Vegetarian,no-allergies,2 medium bowl,100 gms,188 kcal,7 gms,32 gms,1 gms,8 gms,Onion Finely Chopped - 0.5 small cup; chopped tomato - 0.5 small cup; Chopped Green Chilli - 1 tbsp; Common salt - 0.5 tbsp; lemon juice - 2 tbsp; Chaat Masala - 0.5 tbsp; Chopped Cucumber - 0.5 small bowl; Fresh Coriander Leaves (chopped) - 1 tbsp; Roasted Chickpea - 2 large bowl
Moong Bean Sprouts and Curd Smoothie,Vegetarian,dairy allergy,2 glass,250 gms,233 kcal,19 gms,40 gms,1 gms,9 gms,"Moong beans - 1 Cup; Skimmed Milk Curd - 1 Small Bowl; Plain Water - 1 small glass; Banana - 1 medium; Pepper, black - 0.5 tbsp; Common salt - 0.5 tbsp; Mint leaves - 1 tbsp"
Moong Bean Sprouts and Curd Parfait,Vegetarian,dairy allergy,2 medium bowl,200 gms,222 kcal,18 gms,37 gms,1 gms,9 gms,"Moong beans - 1 Cup; Skimmed Milk Curd - 1 Small Bowl; Mixed Fruits - 1 small bowl; Pepper, black - 0.5 tbsp; Common salt - 0.5 tbsp; Mint leaves - 1 tbsp"
Low-Fat Besan Dhokla,Vegetarian,nut allergy,1 medium,0 gms,424 kcal,18 gms,65 gms,9 gms,7 gms,"Besan - 1 Cup; Suji - 1 Small bowl; Ginger Paste - 1 tbsp; CHILLIES, green - 1 tbsp; Turmeric powder - 1 tbsp; Common salt - 1 tbsp; lemon juice - 1 tsb; Plain Water - 1 small glass; Olive Oil - 1 tbsp; Coriander leaves - 1 tbsp"
Avial (Low Fat),Vegan,nut allergy,2 cup,480 gms,164 kcal,5 gms,10 gms,11 gms,4 gms,"Raw Banana Curry - 1 medium bowl; PUMPKIN - 1 medium katori; Coconut (Fresh) - 1 small piece; Turmeric powder - 1 tbsp; Cumin seeds - 1 tbsp; CHILLIES, green - 1 tbsp; Greek Yogurt - 1 small bowl; Coconut Oil - 1 tsb; Mustard seeds - 1 gms; Dal - 1 Small bowl; CURRY LEAVES - 1 tbsp"
Thoran(Low Fat),Vegan,nut allergy,4 cup,960 gms,55 kcal,1 gms,4 gms,3 gms,3 gms,CABBAGE - 1 small bowl; Broad beans - 1 small katori; CARROT - 1 cup; Coconut (Fresh) - 1 small piece; Mustard seeds - 1 tbsp; Cumin seeds - 1 tbsp; Turmeric powder - 1 small katori; Red chilli Power - 1 tbsp; Red chilli Power - 1 tbsp; Common salt - 1 tbsp; Coconut Oil - 1 tsb; Curry leaves - 1 tbsp
Olan(Low Fat),Vegan,nut allergy,4 cup,960 gms,100 kcal,7 gms,15 gms,2 gms,3 gms,"Ash gourd - 1 cup; COWPEA - 1 cup; Coconut Milk - 1 small glass; CHILLIES, green - 1 tbsp; Coconut Milk - 1 tbsp; Curry leaves - 1 tbsp"
Parippu Curry(Low Fat),Vegan,nut allergy,4 cup,960 gms,47 kcal,2 gms,5 gms,2 gms,2 gms,"Toor Dal - 1 cup; Onion Finely Chopped - 1 small onion; Cumin seeds - 1 tbsp; Mustard seeds - 1 tbsp; CHILLIES, green - 1 tbsp; Coconut Milk - 1 small glass; Curry leaves - 1 tbsp"
Pachadi(Low Fat),Vegetarian,nut allergy,4 cup,960 gms,38 kcal,2 gms,2 gms,2 gms,1 gms,"CUCUMBER - 1 small katori; Plain Yogurt - 1 tbsp; CHILLIES, green - 1 tbsp; Common salt - 1 tbsp; Coconut Oil - 1 tsb; Curry leaves - 1 small katori"
No Fat Wheat Namkeen Dalia,Vegetarian,gluten allergy,4 cup,960 gms,192 kcal,7 gms,33 gms,3 gms,8 gms,"Wheat Namkeen Dalia - 1 Medium bowl; Onion Finely Chopped - 1 small onion; 1Tomatoes Chopped - 1 small tomato; CHILLIES, green - 1 tbsp; Cumin seeds - 1 tbsp; Turmeric powder - 1 tbsp; Mustard seeds - 1 tbsp; Coriander Powder - 1 1 small spoon; Common salt - 1 tbsp; lemon juice - 1 tbsp; Plain Water - 1 small glass; Coriander leaves - 1 tbsp"
Tofu Bhurji,Vegetarian,soy allergy,4 cup,960 gms,64 kcal,6 gms,4 gms,3 gms,2 gms,"Tofu - 1 small bowl; Onion Finely Chopped - 1 small onion; 1Tomatoes Chopped - 1 small tomato; CHILLIES, green - 1 tbsp; Cumin seeds - 1 tbsp; Coriander Powder - 1 1 tbsp; Common salt - 1 tbsp; lemon juice - 1 tsb"
Indian-Style Dressing without Honey,Vegetarian,egg allergy,2 medium bowl,300 gms,69 kcal,6 gms,8 gms,1 gms,3 gms,Spinach - 1 cup; Egg White (Boiled) - 2 number; Bell peppers - 1 small Bell; CARROT - 1 medium katori; Broccoli - 1 small stalk; Common salt - 1 tbsp; LEMON - 1 tbsp; Dijon mustard - 1 tbsp; VINEGAR - 1 tbsp; Cumin seeds - 1 gms; Coriander Powder - 1 1 tsp; Turmeric powder - 1 gms
Steamed Moong Bean Sprout Salad with Skimmed Milk Curd Dressing,Vegetarian,dairy allergy,2 medium bowl,300 gms,75 kcal,7 gms,65 gms,1 gms,4 gms,"sprouted moong beans - 1 medium bowl; Cherry Tomatoes - 1 1 cherry tomato; Chopped Cucumber - 1 slice (1/8 inch thick); Onion, big - 1 small katori; Chillies, green-1 - 1 tbsp; Coriander leaves - 1 tbsp; Common salt - 1 tbsp; lemon juice - 1 tsb; Skimmed Milk Curd - 1 small bowl; Pepper, black - 1 gms"
Peas Soup Without Butter and Cornflour,Vegetarian,nut allergy,1 medium bowl,150 gms,230 kcal,12 gms,34 gms,9 gms,9 gms,PEAS green - 1 small katori; Onion Finely Chopped - 1 small onion; clove garlic - 1 tsb; Cumin seeds - 1 tbsp; Coriander Powder - 1 1 tbsp; Turmeric powder - 1 tbsp; Olive Oil - 1 tbsp; Common salt - 1 tbsp; Plain Water - 1 small glass
Ratatouille,Vegetarian,nightshade allergy,4 medium bowl,100 gms,142 kcal,5 gms,19 gms,7 gms,9 gms,"Eggplant - 1 large size; Zucchini, green - 2 large bowl; PEPPER, green - 1 small bowl; Onion, big - 0.5 medium bowl; clove garlic - 4 tbsp; 1Tomatoes Chopped - 2 Large bowl; Olive Oil - 1 tbsp; Dried thyme - 1 tbsp; Dried Rosemary - 1 tbsp; Common salt - 1 tbsp; Pepper, black - 1 tbsp; PARSEY fresh - 0.5 tbsp; Red Bell Pepper - 1 large"
Shakshuka,Vegetarian,egg allergy,4 medium,0 gms,116 kcal,2 gms,11 gms,11 gms,3 gms,"Olive Oil - 2 tbsp; Onion Finely Chopped - 1 medium onion; clove garlic - 1 tbsp; Ground Cumin - 2 tbsp; Paprika powder - 1 tbsp; saute bell pepper - 1 bell pepper (medium size); 1Tomatoes Chopped - 1 small tomato; Common salt - 1 tbsp; Pepper, black - 1 tbsp; Parsley - 1 tbsp"
Tabouli,Vegetarian,no-allergies,4 cup,960 gms,289 kcal,7 gms,30 gms,16 gms,6 gms,"Wheat, bulgur - 1 cup; PARSLEY - 1 medium katori; 1Tomatoes Chopped - 1 medium tomato; Onion Finely Chopped - 1 medium onion; Mint leaves - 1 tbsp; lemon juice - 1 cup; Olive Oil - 1 tbsp; Pepper, black - 1 tbsp; Lettuce Leaves Salad - 1 Small Bowl"
Pita Chips,Vegetarian,gluten allergy,4 cup,960 gms,183 kcal,4 gms,26 gms,7 gms,1 gms,"Pita Bread (1 Pocket) - 2 medium; Olive Oil - 1 tbsp; Common salt - 1 tbsp; Pepper, black - 1 tbsp"
Fattoush Salad,Vegetarian,no-allergies,4 cup,960 gms,47 kcal,2 gms,7 gms,1 gms,3 gms,"Mixed Greens - 4 cup; Chopped Cucumber - 1 small (6-8 inches long); 1Tomatoes Chopped - 2 medium tomato; Radish leaves - 1 cup; Parsley - 1 tbsp; Mint leaves - 1 tbsp; lemon juice - 1 tsb; Olive Oil - 1 tbsp; Pepper, black - 1 tbsp"
Tzatziki,Vegetarian,dairy allergy,1 medium katori,75 gms,441 kcal,27 gms,21 gms,37 gms,5 gms,"Greek Yogurt - 1 small bowl; CUCUMBER - 1 tbsp; clove garlic - 2 clove; lemon juice - 1 tbsp; Olive Oil - 1 tbsp; Common salt - 1 tbsp; Pepper, black - 1 tbsp"
Oats Bran and Oats Atta Mix Roti,Vegetarian,gluten allergy,6 medium,0 gms,124 kcal,6 gms,23 gms,4 gms,5 gms,"Oats Bran - 1 small bowl; Oats Atta - 1 small bowl; Common salt - 1 tbsp; Carom seeds - 1 tbsp; Cumin seeds - 1 tbsp; Warm Water - 1 small glass; COOKING OIL (Gnut,ging,palm,must,coconut - 1 tbsp"
No-Fat Veggie Salad With Vinaigrette Dressing,Vegetarian,no-allergies,2 large katori,200 gms,80 kcal,2 gms,11 gms,3 gms,2 gms,"LETTUCE TREE LEAVES, mature - 1 small katori; Cherry Tomatoes - 1 1 small bowl; Cucumber - 1 small sized; Bell peppers - 1 small Bell; CARROT - 1 cup; Onion, small - 1 small katori; Vinaigrette Dressing - 1 tbsp; Pepper, black - 1 tbsp; Common salt - 1 tbsp; HONEY - 1 ml"
Egg White  Omelette with  Olive Oil,Gluten-Free,egg allergy,1 medium,0 gms,126 kcal,18 gms,3 gms,5 gms,2 gms,Egg White (Boiled) - 4 egg; Olive Oil - 1 tbsp; Common salt - 1 tbsp; Bell peppers - 1 tsb; Vegetable - 1 Medium katori
Boiled Foxtail Millets(Fat Free),Gluten-Free,nut allergy,4 cup,960 gms,60 kcal,2 gms,12 gms,1 gms,1 gms,Cooked Foxtail Millets - 1 medium katori; Plain Water - 2 small glass
Low Fat Oats Poha,Vegan,nut allergy,2 cup,480 gms,145 kcal,6 gms,25 gms,2 gms,4 gms,"Oats - 1 small bowl; Onion Finely Chopped - 1 small onion; CARROT - 1 small katori; CHILLIES, green - 1 tbsp; PEAS green - 1 cup; Mustard seeds - 1 tbsp; Cumin seeds - 1 tbsp; Turmeric powder - 1 tbsp; Common salt - 1 tbsp; Coriander leaves - 1 tbsp; Plain Water - 1 small cup"
Veg Pulao with Zero Oil,Vegetarian,nut allergy,4 cup,960 gms,223 kcal,5 gms,49 gms,0 gms,3 gms,Plain Water - 2 large glass; Onion Finely Chopped - 0.5 large onion; CARROT - 1 small katori; POTATO - 0.5 small bowl; PEAS green - 0.5 small bowl; Cumin seeds - 1 tbsp; Common salt - 1 tbsp; Raw White Rice - 1 cup; Green Beans Vegetable - 1 small bowl; Garlic paste - 0.5 tbsp; Ginger Paste - 0.5 tbsp; Fresh Coriander Leaves (chopped) - 1 tbsp
Potato Raita in Skimmed Milk Curd,Vegetarian,dairy allergy,4 cup,960 gms,102 kcal,7 gms,17 gms,1 gms,1 gms,POTATO - 1 medium katori; Skimmed Milk Curd - 2 small bowl; Cumin seeds - 1 tbsp; Red chilli Power - 1 tbsp; Common salt - 1 tbsp; Coriander leaves - 1 tbsp
Sweet Potato Chaat for Liver Patient,Vegetarian,nut allergy,2 cup,480 gms,263 kcal,3 gms,61 gms,1 gms,3 gms,"SWEET POTATO - 2 medium; Onion Finely Chopped - 1 small onion; chopped tomato - 1 small tomato; CHILLIES, green - 1 tbsp; Chat Masala - 1 tbsp; Cumin seeds - 1 tbsp; Red chilli Power - 1 tbsp; Common salt - 1 tbsp; Coriander leaves - 1 tbsp; lemon juice - 1 tsb"
Low Fat  Tofu Salad for Liver Patient,Vegan,soy allergy,2 small bowl,200 gms,115 kcal,9 gms,11 gms,5 gms,2 gms,Firm Tofu - 1 medium block; Chopped Cucumber - 1 slice (1/8 inch thick); CARROT - 1 small katori; Bell peppers - 1 small Bell; Onion Finely Chopped - 1 small onion; lemon juice - 1 tbsp; Common salt - 1 tbsp; Bell peppers - 1 tsb
Vegetable Oats Upma,Vegetarian,no-allergies,1 medium bowl,150 gms,375 kcal,13 gms,58 gms,10 gms,14 gms,"Rolled Oats - 1 Small Bowl; Onion Finely Chopped - 0.5 medium onion; PEAS green - 1 small katori; Capsicum, green - 1 tbsp; Mustard seeds - 1 tbsp; Cumin seeds - 1 tbsp; Chopped Green Chilli - 1 tbsp; Turmeric powder - 0.5 tbsp; Common salt - 0.5 tbsp; Plain Water - 1 large glass; Olive Oil - 1 tbsp; Coriander leaves - 0.5 tbsp; Carrot, orange - 1 tbsp; chopped beans - 1 small bowl; Grated Ginger - 1 tbsp; Chana Dal - 0.5 tbsp; Urad Dal - 0.5 tbsp"
Cucumber Besan Sprouts Apple Salad,Vegetarian,no-allergies,2 medium bowl,300 gms,144 kcal,3 gms,15 gms,9 gms,4 gms,"Chopped Cucumber - 1 slice (1/8 inch thick); Moong Bean Sprouts and Curd Parfait - 1 Medium Bowl; Apple - 1 small; Coriander leaves - 1 tbsp; lemon juice - 1 tbsp; Olive Oil - 1 tbsp; Common salt - 1 tbsp; Pepper, black - 1 tbsp"
Broccoli Capsicum Baby Corn Tofu Salad,Vegetarian,no-allergies,2 large katori,200 gms,193 kcal,11 gms,17 gms,10 gms,8 gms,"Broccoli - 1 small stalk; Capsicum, green - 1 cup; Broccoli Capsicum Baby Corn Tofu Salad - 1 medium bowl; Firm Tofu - 1 small block; Coriander leaves - 1 tbsp; Lemon, juice - 1 tbsp; Olive Oil - 1 tbsp; Fresh basil leaves - 1 leaf; Dried Oregano - 1 tbsp; Common salt - 1 tbsp; Pepper, black - 1 tbsp"
Vegetable Millets Khichdi,Vegetarian,no-allergies,2 medium bowl,300 gms,364 kcal,18 gms,55 gms,15 gms,11 gms,"Little Millet - 1 medium bowl; Cooked Barnyard Millets - 1 medium katori; Cooked Foxtail Millets - 1 medium katori; Onion Finely Chopped - 1 medium onion; CARROT - 1 small katori; PEAS green - 1 cup; GOA BEANS - 1 small katori; Capsicum, green - 1 medium katori; Cumin seeds - 1 tbsp; Ginger Paste - 1 tbsp; Garlic paste - 1 tbsp; Turmeric powder - 1 tbsp; Common salt - 1 tbsp; Plain Water - 1 medium glass; Olive Oil - 1 tbsp; Coriander leaves - 1 tbsp"
Jowar Khichadi,Vegetarian,no-allergies,1 medium bowl,150 gms,511 kcal,17 gms,98 gms,3 gms,18 gms,Jowar - 1 cup; Moong Dal - 1 small bowl; Onion Finely Chopped - 1 small onion; 1Tomatoes Chopped - 1 medium tomato; CARROT - 1 small katori; PEAS green - 1 small katori; Cumin seeds - 1 tbsp; Mustard seeds - 1 tbsp; Turmeric powder - 1 tbsp; Red chilli Power - 1 tbsp; Common salt - 1 tbsp; Plain Water - 1 large glass; Coriander leaves - 1 tbsp
50% Soya Flour &amp; 50% Oats Flour (Zero Fat),Vegetarian,gluten allergy,4 medium,0 gms,106 kcal,6 gms,12 gms,3 gms,3 gms,Soya flour - 1 Cup; Oats Flour - 1 1 cup; Common salt - 1 gms; Turmeric powder - 1 tbsp; Red chilli Power - 1 tbsp; Cumin seeds - 1 gms; Plain Water - 1 small glass
Rice Khichadi,Vegetarian,no-allergies,1 small bowl,100 gms,265 kcal,10 gms,53 gms,0 gms,9 gms,Rice - 1 small bowl; Moong Dal - 1 small bowl; Onion Finely Chopped - 1 small onion; 1Tomatoes Chopped - 1 medium tomato; CARROT - 1 medium katori; PEAS green - 1 small katori; Cumin seeds - 1 tbsp; Turmeric powder - 1 tbsp; Red chilli Power - 1 tbsp; Common salt - 1 tbsp; Plain Water - 1 small glass; Coriander leaves - 1 tbsp
Tofu Uttapam(high protein low fat),Vegetarian,soy allergy,4 medium,0 gms,195 kcal,11 gms,29 gms,4 gms,7 gms,"Brown Rice Idli - 1 medium; Urad Dal - 1 small cup; Tofu - 1 small bowl; 1Tomatoes Chopped - 1 small bowl; Onion Finely Chopped - 1 small cup; Bell peppers - 1 cup chopped; Coriander leaves - 1 tbsp; Common salt - 1 tbsp; COOKING OIL (Gnut,ging,palm,must,coconut - 1 tbsp"
"Amaranth Namkeen with Mixed seeds (Flax seeds, Sunflower seeds &amp; Pumpkin seeds)",Vegetarian,no-allergies,4 small bowl,100 gms,244 kcal,9 gms,32 gms,9 gms,7 gms,"AMARANTH SEEDS - 1 cup; Sunflower Seeds - 1 tbsp; Pumpkin Seeds - 3.5 tbsp; Cumin seeds - 0.5 tbsp; Coriander seeds - 0.5 tbsp; Common salt - 1 tbsp; Flax Seeds - 5 tbsp; Red chilli Powder - 1 tbsp; COOKING OIL (Gnut,ging,palm,must,coconut - 1 tbsp"
"High Protein Namkeen with Zero Fat(Makhana,Sunflower,Pumpkin,Flax Seeds)",Vegetarian,nut allergy,10 cup,2400 gms,246 kcal,10 gms,19 gms,15 gms,6 gms,"MAKHANA - 2 cup; Sunflower Seeds - 1 tbsp; Pumpkin Seeds - 1 tbsp; Roasted Flax Seeds - 1 tbsp; Cumin seeds - 1 tbsp; Coriander seeds - 1 tbsp; Pepper, black - 1 tbsp; Chat Masala - 1 tbsp; Common salt - 1 tbsp"
"High Protein ,Low Fat Spinach &amp; Tofu Salad",Vegetarian,soy allergy,2 medium bowl,150 gms,82 kcal,7 gms,7 gms,3 gms,2 gms,SPINACH - 1 cup; Tofu - 1 small bowl; Cucumber - 1 small sized; PARSEY fresh - 1 tbsp; Mint leaves - 2 tbsp; lemon juice - 1 tbsp; Common salt - 1 tbsp; Yellow Bell Pepper - 1 small; Onion Finely Chopped - 1 medium onion; Red Bell Pepper - 1 small
Sabudana Khichadi,Vegetarian,no-allergies,1 medium bowl,100 gms,703 kcal,10 gms,115 gms,21 gms,7 gms,"Sabudana - 1 medium bowl; POTATO - 1 cup; Chillies, green-1 - 2 gms; Raw Peanut - 1 Small Bowl; Cumin seeds - 1 tbsp; Mustard seeds - 1 tbsp; Turmeric powder - 1 tbsp; Red chilli Power - 1 tbsp; Common salt - 1 tbsp; Olive Oil - 1 tbsp; Coriander leaves - 1 tbsp"
Low Fat Sabudana Cheela,Vegetarian,no-allergies,1 medium,0 gms,547 kcal,2 gms,95 gms,15 gms,2 gms,"Sabudana - 1 medium bowl; POTATO - 1 small katori; CHILLIES, green - 1 gms; Cumin seeds - 1 tbsp; Common salt - 1 tbsp; Coriander leaves - 1 tbsp; Plain Water - 1 medium glass; COOKING OIL (Gnut,ging,palm,must,coconut - 1 tbsp"
Paneer Bhurji(low Fat),Vegetarian,dairy allergy,2 cup,100 gms,102 kcal,10 gms,6 gms,3 gms,2 gms,"Onion Finely Chopped - 1 medium onion; 1Tomatoes Chopped - 1 small bowl; CHILLIES, green - 1 gms; Cumin seeds - 1 tbsp; Turmeric powder - 1 tbsp; Red chilli Power - 0.5 tbsp; Coriander Powder - 1 tbsp; Common salt - 0.5 tbsp; Olive Oil - 1 tbsp; Coriander leaves - 1 tbsp; Homemade skimmed milk paneer - 2 small bowl"
Low Fat High Protein Paneer Sandwich,Vegetarian,dairy allergy,2 medium,0 gms,280 kcal,15 gms,36 gms,8 gms,3 gms,Whole Wheat Bread - 1 bread (3 inch); Paneer - 1 small bowl; Onion Finely Chopped - 1 small onion; 1Tomatoes Chopped - 1 small tomato; Bell peppers - 1 small Bell; CARROT - 1 small katori; Coriander leaves - 1 tbsp; Chat Masala - 1 tbsp; Cumin seeds - 1 tbsp
Vegetable Paneer Uttapam(Low Fat),Vegetarian,dairy allergy,4 medium,0 gms,89 kcal,4 gms,7 gms,5 gms,2 gms,"Rice dosa - 1 medium; Paneer - 1 small bowl; Onion Finely Chopped - 1 small onion; 1Tomatoes Chopped - 1 small tomato; Capsicum, green - 1 small katori; CARROT - 1 small katori; Common salt - 1 tbsp; Pepper, black - 1 gms; Cumin seeds - 1 tbsp; Olive Oil - 1 tbsp"
Sprouts Sattu Salad,Vegetarian,no-allergies,2 small bowl,100 gms,108 kcal,6 gms,19 gms,1 gms,6 gms,"Mixed sprouts Salad (Mung beans, Chickpeas, lentils) - 1 small bowl; Onion Finely Chopped - 1 medium onion; Chopped Cucumber - 1 slice (1/8 inch thick); Chopped Green Chilli - 1 tbsp; Coriander leaves - 1 tbsp; lemon juice - 1 tbsp; Pepper, black - 0.5 tbsp; Common salt - 1 tbsp; Sattu Flour - 1 tbsp; Tomatoes Chopped - 0.5 small bowl"
Grilled Halloumi Cheese with Roasted Sweet Potatoes and Brussels Sprouts,Vegetarian,dairy allergy,2 medium bowl,150 gms,517 kcal,26 gms,28 gms,35 gms,7 gms,Baked sweet potatoes - 2 Small; Halloumi Cheese - 1 Small Pack; Brussels sprouts - 1 gms; Olive Oil - 1 tbsp; Garlic Powder - 1 tbsp; Black Pepper - 1 tbsp; Common salt - 1 tbsp; Parsley - 1 tbsp
Lettuce Paneer Wrap (Low fat),Vegetarian,dairy allergy,2 medium,0 gms,221 kcal,12 gms,29 gms,8 gms,8 gms,Onion Finely Chopped - 1 small onion; Black Pepper - 1 tbsp; CARROT - 1 small katori; Cucumber - 1 small sized; Chat Masala - 1 tbsp; Common salt - 1 tbsp; Lettuce Leaves Salad - 1 Small Bowl; Paneer - 1 small bowl
Fresh Beans Vegetable With Toned Milk Paneer,Vegetarian,dairy allergy,1 medium bowl,150 gms,709 kcal,44 gms,52 gms,35 gms,11 gms,"FRENCH BEANS - 1 small katori; Paneer - 1 medium bowl; Onion Finely Chopped - 1 medium onion; 1Tomatoes Chopped - 1 small tomato; CHILLIES, green - 1 tbsp; Ginger, fresh - 1 gms; Cumin seeds - 2 gms; Coriander Powder - 1 1 tbsp; Garam Masala - 1 tbsp; Red chilli Power - 1 tbsp; Olive Oil - 1 tbsp; Coriander leaves - 1 tbsp"
Sattu Drink,Vegan,nut allergy,1 glass,300 gms,139 kcal,4 gms,27 gms,1 gms,2 gms,Sattu Flour - 1 tbsp; lemon juice - 1 tbsp; HONEY - 1 tbsp; Kala Namak - 1 tbsp; Cumin seeds - 1 gms; Plain Water - 1 small glass
Sattu Smoothing With Banana,Vegetarian,dairy allergy,2 glass,600 gms,297 kcal,15 gms,19 gms,1 gms,2 gms,Sattu Flour - 1 small bowl; Banana - 1 medium; Lactose Free Milk - 1 Small Cup; cardamom powder - 1 tbsp; CINNAMOM - 1 tbsp
Anar Nuts Chat,Vegetarian,nut allergy,1 medium katori,75 gms,1372 kcal,55 gms,68 gms,103 gms,20 gms,Pomegranate - 1 cup; Raw Peanut - 1 Small Bowl; ALMOND - 1 tbsp; Cashew - 1 cup; Pistachio nuts - 1 tbsp; Channa Dal - 1 small bowl; Moong Dal - 1 small bowl; Sesame Seeds - 1 tbsp; Common salt - 1 tbsp; Chat Masala - 1 tbsp; lemon juice - 1 tbsp; Coriander leaves - 1 tbsp
High Protein Low Fat No Sugar Sattu Laddu,Vegetarian,no-allergies,16 small,1 gms,93 kcal,4 gms,12 gms,3 gms,2 gms,Sattu Flour - 2 medium bowl; Almond - 1 small katori; Cashew - 1 cashew; RAISINS - 1 cup; Coconut (Fresh) - 1 small piece; CARDAMOM - 1 tbsp; Plain Water - 1 small glass
Sattu milkshake,Vegetarian,no-allergies,1 glass,300 gms,318 kcal,9 gms,40 gms,14 gms,7 gms,Sattu Flour - 1 small bowl; Banana - 1 medium; Almond Milk - 1 small glass; cardamom powder - 1 tbsp
Namkeen Sattu Drink,Vegetarian,no-allergies,1 glass,300 gms,809 kcal,42 gms,123 gms,6 gms,18 gms,Sattu Flour - 1 small bowl; Plain Water - 1 small glass; Ground Cumin - 1 tbsp; Coriander Powder - 1 1 tsp; Chat Masala - 1 tbsp; Kala Namak - 1 tbsp; lemon juice - 1 tsb
Soft Cooked Eggs,Vegetarian,no-allergies,1 medium,2 gms,153 kcal,13 gms,1 gms,10 gms,1 gms,Boiled Egg - 1 number; Common salt - 1 tbsp; Black Pepper - 1 tbsp
Rice Porridge,Vegetarian,no-allergies,1 medium bowl,150 gms,211 kcal,6 gms,47 gms,0 gms,4 gms,"Rice - 1 small bowl; Plain Water - 1 small glass; Ginger, fresh - 1 tbsp; Common salt - 1 tbsp"
"Black bean and corn salad with mixed greens, bell peppers, red onion, and a lime-cilantro(low fat)",Vegetarian,no-allergies,4 medium bowl,150 gms,202 kcal,12 gms,37 gms,8 gms,12 gms,black beans - 1 samll bowl; Corn Kernels - 1 1 small bowl; Red Bell Pepper - 1 small; Onion Finely Chopped - 1 small onion; LIME - 1 tbsp; Greek Yogurt - 1 small bowl; clove garlic - 1 clove; Common salt - 1 tbsp; Bell peppers - 1 tsb
Makhana Namkeen(Dry Roasted Foxnuts),Vegan,nut allergy,1 medium bowl,150 gms,113 kcal,3 gms,24 gms,0 gms,1 gms,MAKHANA - 1 small katori; Turmeric powder - 1 gms; Red chilli Power - 1 tbsp; Common salt - 1 tbsp
Sabut Moong Dal(Whole Green Gram Dal),Vegetarian,no-allergies,1 medium bowl,150 gms,223 kcal,4 gms,14 gms,15 gms,5 gms,"Moong Dal - 1 small bowl; Cumin seeds - 1 tbsp; Turmeric powder - 1 tbsp; Red chilli Power - 1 tbsp; Common salt - 1 tbsp; Olive Oil - 1 tbsp; Onion Finely Chopped - 1 small onion; 1Tomatoes Chopped - 1 small tomato; CHILLIES, green - 1 tbsp; Coriander leaves - 1 tbsp"
"Sabut Moong Dal,no oil",Vegetarian,no-allergies,1 medium katori,100 gms,148 kcal,7 gms,19 gms,5 gms,8 gms,Moong Dal - 1 small bowl; Cumin seeds - 1 tbsp; Plain Water - 1 small glass; Mustard seeds - 1 tbsp; Turmeric powder - 1 tbsp; Red chilli Power - 1 tbsp; Coriander Powder - 1 1 tsp; Common salt - 1 tbsp; chopped tomato - 1 small tomato; Grated Ginger - 0.5 tbsp; clove garlic - 0.5 tsb; Coriander leaves - 1 tbsp
Bread Poha with Brown Bread (Low Fat),Vegetarian,no-allergies,1 medium bowl,150 gms,184 kcal,4 gms,36 gms,2 gms,2 gms,Brown Bread - 1 1 slice; Poha - 1 small katori; Onion Finely Chopped - 1 medium onion; chopped tomato - 1 small tomato; Chopped Green Chilli - 1 tbsp; Mustard seeds - 1 pinch; Turmeric powder - 1 pinch; Common salt - 1 tbsp; Coriander leaves - 1 tbsp
Paneer Tikka with Homemade Skimmed milk Paneer,Vegetarian,dairy allergy,1 medium,100 gms,104 kcal,12 gms,10 gms,1 gms,1 gms,"Homemade skimmed milk paneer - 0.5 small bowl; Bell peppers - 0.25 small; Red Bell Pepper - 0.5 small; Onion, small - 1 small katori; Ginger Paste - 0.5 tbsp; Garlic paste - 0.5 tbsp; Coriander Powder - 0.5 tbsp; Garam Masala - 0.5 tbsp; Red chilli Power - 0.5 tbsp; Common salt - 0.5 tbsp; Skimmed Milk Curd - 0.25 small bowl"
Low-fat Wheat Noodles,Vegetarian,gluten allergy,1 medium bowl,150 gms,812 kcal,25 gms,154 gms,9 gms,27 gms,"Wheat flour, atta - 2 cup; Common salt - 1 tbsp; Plain Water - 1 small glass; Olive Oil - 1 tbsp"
Wheat Stuffed Roti with Channa Dal with Les Oil,Vegetarian,gluten allergy,1 medium,0 gms,1562 kcal,66 gms,286 gms,17 gms,65 gms,"Wheat flour, atta - 2 medium bowl; Common salt - 1 tbsp; Plain Water - 1 small cup; Chana Dal - 1 large; Onion Finely Chopped - 1 small onion; Ginger, fresh - 1 tbsp; Cumin seeds - 1 tbsp; Coriander Powder - 1 1 tsp; Garam Masala - 1 tbsp; Coriander leaves - 1 tbsp"
Moong Dal Khichdi,Vegetarian,no-allergies,4 medium bowl,100 gms,168 kcal,8 gms,28 gms,3 gms,5 gms,"Moong Dal - 1 small bowl; Basmati Rice - 1 large cup; Cumin seeds - 1 tbsp; Turmeric powder - 0.5 tbsp; Common salt - 1 tbsp; Plain Water - 4 medium glass; COOKING OIL (Gnut,ging,palm,must,coconut - 1 tbsp"
"Mix Vegetable, Lentil Gravy (Low fat)",Vegetarian,dairy allergy,3 medium bowl,100 gms,98 kcal,2 gms,9 gms,5 gms,2 gms,Chopped Carrot - 30 gm; Onion Finely Chopped - 40 g; Cauliflower - 20 gms; PEAS green - 30 gms; Masoor Dal - 1 small bowl; Ginger Paste - 0.5 tbsp; Garlic paste - 0.5 tbsp; Cumin seeds - 1 tbsp; Turmeric powder - 0.5 tbsp; Red chilli Power - 1 tbsp; Common salt - 1 tbsp; Ghee - 1 tbsp; Coriander leaves - 1 tbsp; Green Bell pepper - 20 g; Zucchini (Chopped) - 20 g; Tomatoes Chopped - 50 g
Mix Vegetable Gravy (No fat),Vegetarian,dairy allergy,2 medium bowl,100 gms,79 kcal,5 gms,14 gms,0 gms,5 gms,"CARROT - 50 gms; Onion Finely Chopped - 50 g; Capsicum, green - 50 gms; Zucchini, green - 50 gms; Cauliflower - 0.5 small bowl; PEAS green - 0.5 small bowl; 1Tomatoes Chopped - 50 g; Ginger Paste - 0.5 tbsp; Garlic paste - 0.5 tbsp; Cumin seeds - 1 tbsp; Turmeric powder - 1 tbsp; Red chilli Power - 1 tbsp; Common salt - 0.5 tbsp; Coriander leaves - 1 tbsp"
"Low-Fat Hummus with Carrot, Cucumber, and Radish Sticks:",Vegetarian,nut allergy,1 medium bowl,150 gms,504 kcal,26 gms,77 gms,11 gms,38 gms,"Soaked Black Chickpeas - 1 small bowl; clove garlic - 1 clove; lemon juice - 1 tsb; Plain Water - 1 small glass; Common salt - 1 tbsp; CARROT - 1 small katori; Cucumber - 1 small sized; RADISH, pink - 1 medium katori"
Hung Curd &amp; Tofu Dip,Vegetarian,soy allergy,1 medium katori,75 gms,224 kcal,16 gms,16 gms,10 gms,6 gms,"Hung Curd Dressing - 1 medium bowl; Tofu - 1 small bowl; Onion Finely Chopped - 1 small onion; 1Tomatoes Chopped - 1 small tomato; CHILLIES, green - 1 tbsp; Ground Cumin - 1 tbsp; Common salt - 1 tbsp; Bell peppers - 1 tsb"
"Carrot, Cucumber, and Radish Sticks",Vegetarian,no-allergies,1 small bowl,100 gms,91 kcal,3 gms,21 gms,0 gms,4 gms,"CARROT - 1 medium katori; Cucumber - 1 medium sized; Veggie Sticks (Carrot, Cucumber, Bell Pepper) - 1 small bowl; Common salt - 1 tbsp; lemon juice - 1 tsb; Coriander leaves - 1 tbsp"
Tofu Salad:,Vegetarian,soy allergy,2 medium bowl,100 gms,119 kcal,9 gms,11 gms,5 gms,3 gms,Firm Tofu - 1 small block; CUCUMBER - 1 medium katori; 1Tomatoes Chopped - 1 small bowl; Onion Finely Chopped - 1 small onion; Coriander leaves - 1 tbsp; Cumin seeds - 1 tbsp; Coriander Powder - 1 tbsp; Chat Masala - 1 tbsp; Common salt - 0.5 tbsp; Bell peppers - 0.5 small; lemon juice - 1 tbsp
Open Sandwich without Cheese Low Fat,Vegetarian,dairy allergy,1 medium,0 gms,544 kcal,25 gms,98 gms,6 gms,21 gms,Whole Wheat Bread - 1 bread (3 inch); Chana Dal - 1 small cup; Onion Finely Chopped - 1 small onion; 1Tomatoes Chopped - 1 small tomato; Chopped Cucumber - 1 slice (1/8 inch thick); CARROT - 1 small katori; Chat Masala - 1 tbsp; Red chilli Power - 1 tbsp; Common salt - 1 tbsp; Coriander leaves - 1 gms
Low Fat No Oil Ragi Roti,Vegan,gluten allergy,1 medium,0 gms,867 kcal,20 gms,186 gms,3 gms,12 gms,Ragi flour - 1 medium cup; CARROT - 1 medium bowl; Onion Finely Chopped - 1 medium onion; Cumin seeds - 1 tbsp; Common salt - 1 tbsp; Plain Water - 1 small glass
Egg White Bhurji,High Protein,egg allergy,1 medium bowl,100 gms,105 kcal,12 gms,12 gms,0 gms,2 gms,"Onion Finely Chopped - 1 small onion; Tomatoes Chopped - 80 g; CHILLIES, green - 1 gms; Cumin seeds - 1 tbsp; Turmeric powder - 1 tbsp; Common salt - 0.5 tbsp; Raw Egg White - 3 small"
Gajar gobhi Matar,Vegan,nut allergy,1 medium bowl,150 gms,386 kcal,19 gms,74 gms,2 gms,15 gms,CAULIFLOWER - 2 medium katori; CARROT - 1 small katori; PEAS green - 1 small katori; Onion Finely Chopped - 1 small onion; 1Tomatoes Chopped - 1 small tomato; Cumin seeds - 1 tbsp; Ginger Paste - 1 tbsp; Garlic paste - 1 tbsp; Coriander Powder - 1 1 tsp; Turmeric powder - 1 tbsp; Common salt - 1 tbsp
Spinach and Tofu Gravy,Vegetarian,soy allergy,4 medium bowl,100 gms,119 kcal,2 gms,6 gms,4 gms,3 gms,"Tofu - 200 g; Spinach - 1 cup; Onion Finely Chopped - 0.5 medium cup; Garlic paste - 2 tbsp; Cumin seeds - 0.5 tbsp; Turmeric powder - 0.5 tbsp; Common salt - 1 tbsp; Chopped Tomato - 0.5 medium cup; lemon juice - 1 tbsp; Fresh Coriander Leaves (chopped) - 1 tbsp; Coriander Powder - 1 tbsp; Chili Powder - 1 tbsp; COOKING OIL (Gnut,ging,palm,must,coconut - 1 tbsp"
Low-Fat Quinoa Cheela,Vegetarian,dairy allergy,1 medium,0 gms,415 kcal,15 gms,72 gms,7 gms,11 gms,"Quinoa Flour - 1 small bowl; CARROT - 1 tbsp; Zucchini, green - 1 gms; Onion Finely Chopped - 1 small onion; Cumin seeds - 1 tbsp; Coriander Powder - 1 1 tsp; Turmeric powder - 1 tbsp; Common salt - 1 tbsp; Plain Water - 1 small glass"
Dal Tikki High Protein Low Fat,Vegetarian,no-allergies,4 medium,0 gms,205 kcal,10 gms,32 gms,4 gms,9 gms,"Chana Dal - 1 small cup; Onion Finely Chopped - 1 medium onion; CHILLIES, green - 1 tbsp; Ginger, fresh - 1 tbsp; Asafoetida - 1 gms; Cumin seeds - 1 tbsp; Common salt - 1 tbsp; Baking Soda - 1 Tsp; Olive Oil - 1 tbsp"
Beetroot Kanji,Vegan,no-allergies,1 cup,240 gms,143 kcal,6 gms,17 gms,4 gms,10 gms,Beet root - 1 medium katori; Mustard seeds - 1 tbsp; Common salt - 1 tbsp; Red chilli Power - 1 tbsp; Turmeric powder - 1 tbsp; Plain Water - 1 small glass
